Date,Symbol,Company,EventType,OldValue,NewValue,Reason
2026-06-21,MMM,3M,INDEX_ADDED,,ACTIVE,
2026-06-21,AOS,A. O. Smith,INDEX_ADDED,,ACTIVE,
2026-06-21,ABT,Abbott Laboratories,INDEX_ADDED,,ACTIVE,
2026-06-21,ABBV,AbbVie,INDEX_ADDED,,ACTIVE,
2026-06-21,ACN,Accenture,INDEX_ADDED,,ACTIVE,
2026-06-21,ADBE,Adobe Inc.,INDEX_ADDED,,ACTIVE,
2026-06-21,AMD,Advanced Micro Devices,INDEX_ADDED,,ACTIVE,
2026-06-21,A,Agilent Technologies,INDEX_ADDED,,ACTIVE,
2026-06-21,APD,Air Products,INDEX_ADDED,,ACTIVE,
2026-06-21,ALB,Albemarle Corporation,INDEX_ADDED,,ACTIVE,
2026-06-21,ALGN,Align Technology,INDEX_ADDED,,ACTIVE,
2026-06-21,ALLE,Allegion,INDEX_ADDED,,ACTIVE,
2026-06-21,AME,Ametek,INDEX_ADDED,,ACTIVE,
2026-06-21,AMGN,Amgen,INDEX_ADDED,,ACTIVE,
2026-06-21,APH,Amphenol,INDEX_ADDED,,ACTIVE,
2026-06-21,ADI,Analog Devices,INDEX_ADDED,,ACTIVE,
2026-06-21,APO,Apollo Global Management,INDEX_ADDED,,WARNED,sharia_below_B-
2026-06-21,AAPL,Apple Inc.,INDEX_ADDED,,ACTIVE,
2026-06-21,AMAT,Applied Materials,INDEX_ADDED,,ACTIVE,
2026-06-21,APP,AppLovin,INDEX_ADDED,,ACTIVE,
2026-06-21,ARES,Ares Management,INDEX_ADDED,,ACTIVE,
2026-06-21,ANET,Arista Networks,INDEX_ADDED,,ACTIVE,
2026-06-21,ADSK,Autodesk,INDEX_ADDED,,ACTIVE,
2026-06-21,ADP,Automatic Data Processing,INDEX_ADDED,,ACTIVE,
2026-06-21,AZO,AutoZone,INDEX_ADDED,,ACTIVE,
2026-06-21,BKR,Baker Hughes,INDEX_ADDED,,ACTIVE,
2026-06-21,BBY,Best Buy,INDEX_ADDED,,ACTIVE,
2026-06-21,TECH,Bio-Techne,INDEX_ADDED,,ACTIVE,
2026-06-21,BIIB,Biogen,INDEX_ADDED,,ACTIVE,
2026-06-21,BLK,BlackRock,INDEX_ADDED,,ACTIVE,
2026-06-21,BX,Blackstone Inc.,INDEX_ADDED,,ACTIVE,
2026-06-21,XYZ,"Block, Inc.",INDEX_ADDED,,ACTIVE,
2026-06-21,BNY,BNY Mellon,INDEX_ADDED,,ACTIVE,
2026-06-21,BSX,Boston Scientific,INDEX_ADDED,,ACTIVE,
2026-06-21,AVGO,Broadcom,INDEX_ADDED,,ACTIVE,
2026-06-21,BR,Broadridge Financial Solutions,INDEX_ADDED,,ACTIVE,
2026-06-21,CHRW,C.H. Robinson,INDEX_ADDED,,ACTIVE,
2026-06-21,CDNS,Cadence Design Systems,INDEX_ADDED,,ACTIVE,
2026-06-21,CAH,Cardinal Health,INDEX_ADDED,,ACTIVE,
2026-06-21,CARR,Carrier Global,INDEX_ADDED,,ACTIVE,
2026-06-21,CVNA,Carvana,INDEX_ADDED,,ACTIVE,
2026-06-21,CBOE,Cboe Global Markets,INDEX_ADDED,,ACTIVE,
2026-06-21,CBRE,CBRE Group,INDEX_ADDED,,ACTIVE,
2026-06-21,CDW,CDW Corporation,INDEX_ADDED,,ACTIVE,
2026-06-21,COR,Cencora,INDEX_ADDED,,ACTIVE,
2026-06-21,CRL,Charles River Laboratories,INDEX_ADDED,,ACTIVE,
2026-06-21,CVX,Chevron Corporation,INDEX_ADDED,,ACTIVE,
2026-06-21,CMG,Chipotle Mexican Grill,INDEX_ADDED,,ACTIVE,
2026-06-21,CHD,Church & Dwight,INDEX_ADDED,,ACTIVE,
2026-06-21,CIEN,Ciena,INDEX_ADDED,,ACTIVE,
2026-06-21,CTAS,Cintas,INDEX_ADDED,,ACTIVE,
2026-06-21,CSCO,Cisco,INDEX_ADDED,,ACTIVE,
2026-06-21,CLX,Clorox,INDEX_ADDED,,ACTIVE,
2026-06-21,CTSH,Cognizant,INDEX_ADDED,,ACTIVE,
2026-06-21,COHR,Coherent Corp.,INDEX_ADDED,,ACTIVE,
2026-06-21,COIN,Coinbase,INDEX_ADDED,,WARNED,sharia_below_B-
2026-06-21,CL,Colgate-Palmolive,INDEX_ADDED,,ACTIVE,
2026-06-21,FIX,Comfort Systems USA,INDEX_ADDED,,ACTIVE,
2026-06-21,COP,ConocoPhillips,INDEX_ADDED,,ACTIVE,
2026-06-21,CEG,Constellation Energy,INDEX_ADDED,,ACTIVE,
2026-06-21,COO,Cooper Companies (The),INDEX_ADDED,,ACTIVE,
2026-06-21,GLW,Corning Inc.,INDEX_ADDED,,ACTIVE,
2026-06-21,CTVA,Corteva,INDEX_ADDED,,ACTIVE,
2026-06-21,CRH,CRH plc,INDEX_ADDED,,ACTIVE,
2026-06-21,CRWD,CrowdStrike,INDEX_ADDED,,ACTIVE,
2026-06-21,CSX,CSX Corporation,INDEX_ADDED,,ACTIVE,
2026-06-21,CMI,Cummins,INDEX_ADDED,,ACTIVE,
2026-06-21,DHR,Danaher Corporation,INDEX_ADDED,,ACTIVE,
2026-06-21,DRI,Darden Restaurants,INDEX_ADDED,,ACTIVE,
2026-06-21,DECK,Deckers Brands,INDEX_ADDED,,ACTIVE,
2026-06-21,DAL,Delta Air Lines,INDEX_ADDED,,ACTIVE,
2026-06-21,DVN,Devon Energy,INDEX_ADDED,,ACTIVE,
2026-06-21,DXCM,Dexcom,INDEX_ADDED,,ACTIVE,
2026-06-21,FANG,Diamondback Energy,INDEX_ADDED,,ACTIVE,
2026-06-21,DPZ,Domino's,INDEX_ADDED,,ACTIVE,
2026-06-21,DASH,DoorDash,INDEX_ADDED,,ACTIVE,
2026-06-21,DOV,Dover Corporation,INDEX_ADDED,,ACTIVE,
2026-06-21,DHI,D. R. Horton,INDEX_ADDED,,ACTIVE,
2026-06-21,DD,DuPont,INDEX_ADDED,,ACTIVE,
2026-06-21,ETN,Eaton Corporation,INDEX_ADDED,,ACTIVE,
2026-06-21,EBAY,eBay Inc.,INDEX_ADDED,,ACTIVE,
2026-06-21,ECL,Ecolab,INDEX_ADDED,,ACTIVE,
2026-06-21,EW,Edwards Lifesciences,INDEX_ADDED,,ACTIVE,
2026-06-21,EA,Electronic Arts,INDEX_ADDED,,ACTIVE,
2026-06-21,EME,Emcor,INDEX_ADDED,,ACTIVE,
2026-06-21,EMR,Emerson Electric,INDEX_ADDED,,ACTIVE,
2026-06-21,EOG,EOG Resources,INDEX_ADDED,,ACTIVE,
2026-06-21,EQT,EQT Corporation,INDEX_ADDED,,ACTIVE,
2026-06-21,EFX,Equifax,INDEX_ADDED,,ACTIVE,
2026-06-21,EQIX,Equinix,INDEX_ADDED,,ACTIVE,
2026-06-21,EXE,Expand Energy,INDEX_ADDED,,ACTIVE,
2026-06-21,EXPE,Expedia Group,INDEX_ADDED,,WARNED,sharia_below_B-
2026-06-21,EXPD,Expeditors International,INDEX_ADDED,,ACTIVE,
2026-06-21,XOM,ExxonMobil,INDEX_ADDED,,ACTIVE,
2026-06-21,FFIV,"F5, Inc.",INDEX_ADDED,,ACTIVE,
2026-06-21,FDS,FactSet,INDEX_ADDED,,ACTIVE,
2026-06-21,FICO,Fair Isaac,INDEX_ADDED,,ACTIVE,
2026-06-21,FAST,Fastenal,INDEX_ADDED,,ACTIVE,
2026-06-21,FDX,FedEx,INDEX_ADDED,,ACTIVE,
2026-06-21,FDXF,FedEx Freight,INDEX_ADDED,,ACTIVE,
2026-06-21,FITB,Fifth Third Bancorp,INDEX_ADDED,,ACTIVE,
2026-06-21,FSLR,First Solar,INDEX_ADDED,,ACTIVE,
2026-06-21,FLEX,Flex Ltd.,INDEX_ADDED,,ACTIVE,
2026-06-21,FTNT,Fortinet,INDEX_ADDED,,ACTIVE,
2026-06-21,FTV,Fortive,INDEX_ADDED,,ACTIVE,
2026-06-21,FOXA,Fox Corporation (Class A),INDEX_ADDED,,WARNED,sharia_below_B-
2026-06-21,FOX,Fox Corporation (Class B),INDEX_ADDED,,WARNED,sharia_below_B-
2026-06-21,BEN,Franklin Resources,INDEX_ADDED,,WARNED,sharia_below_B-
2026-06-21,FCX,Freeport-McMoRan,INDEX_ADDED,,ACTIVE,
2026-06-21,GRMN,Garmin,INDEX_ADDED,,ACTIVE,
2026-06-21,GE,GE Aerospace,INDEX_ADDED,,ACTIVE,
2026-06-21,GEV,GE Vernova,INDEX_ADDED,,ACTIVE,
2026-06-21,GNRC,Generac,INDEX_ADDED,,ACTIVE,
2026-06-21,GD,General Dynamics,INDEX_ADDED,,ACTIVE,
2026-06-21,GILD,Gilead Sciences,INDEX_ADDED,,ACTIVE,
2026-06-21,HAL,Halliburton,INDEX_ADDED,,ACTIVE,
2026-06-21,HAS,Hasbro,INDEX_ADDED,,WARNED,sharia_below_B-
2026-06-21,HSIC,Henry Schein,INDEX_ADDED,,ACTIVE,
2026-06-21,HSY,Hershey Company (The),INDEX_ADDED,,ACTIVE,
2026-06-21,HPE,Hewlett Packard Enterprise,INDEX_ADDED,,ACTIVE,
2026-06-21,HLT,Hilton Worldwide,INDEX_ADDED,,ACTIVE,
2026-06-21,HD,Home Depot (The),INDEX_ADDED,,ACTIVE,
2026-06-21,HON,Honeywell,INDEX_ADDED,,ACTIVE,
2026-06-21,HST,Host Hotels & Resorts,INDEX_ADDED,,ACTIVE,
2026-06-21,HWM,Howmet Aerospace,INDEX_ADDED,,ACTIVE,
2026-06-21,HUBB,Hubbell Incorporated,INDEX_ADDED,,ACTIVE,
2026-06-21,HII,Huntington Ingalls Industries,INDEX_ADDED,,ACTIVE,
2026-06-21,IEX,IDEX Corporation,INDEX_ADDED,,ACTIVE,
2026-06-21,IDXX,Idexx Laboratories,INDEX_ADDED,,ACTIVE,
2026-06-21,ITW,Illinois Tool Works,INDEX_ADDED,,ACTIVE,
2026-06-21,INCY,Incyte,INDEX_ADDED,,ACTIVE,
2026-06-21,IR,Ingersoll Rand,INDEX_ADDED,,ACTIVE,
2026-06-21,PODD,Insulet Corporation,INDEX_ADDED,,ACTIVE,
2026-06-21,ICE,Intercontinental Exchange,INDEX_ADDED,,WARNED,sharia_below_B-
2026-06-21,IFF,International Flavors & Fragrances,INDEX_ADDED,,ACTIVE,
2026-06-21,IP,International Paper,INDEX_ADDED,,ACTIVE,
2026-06-21,INTU,Intuit,INDEX_ADDED,,ACTIVE,
2026-06-21,ISRG,Intuitive Surgical,INDEX_ADDED,,ACTIVE,
2026-06-21,IVZ,Invesco,INDEX_ADDED,,ACTIVE,
2026-06-21,JBHT,J.B. Hunt,INDEX_ADDED,,ACTIVE,
2026-06-21,JBL,Jabil,INDEX_ADDED,,ACTIVE,
2026-06-21,JKHY,Jack Henry & Associates,INDEX_ADDED,,ACTIVE,
2026-06-21,J,Jacobs Solutions,INDEX_ADDED,,ACTIVE,
2026-06-21,JNJ,Johnson & Johnson,INDEX_ADDED,,ACTIVE,
2026-06-21,JCI,Johnson Controls,INDEX_ADDED,,ACTIVE,
2026-06-21,KVUE,Kenvue,INDEX_ADDED,,ACTIVE,
2026-06-21,KEYS,Keysight Technologies,INDEX_ADDED,,ACTIVE,
2026-06-21,KMB,Kimberly-Clark,INDEX_ADDED,,ACTIVE,
2026-06-21,KLAC,KLA Corporation,INDEX_ADDED,,ACTIVE,
2026-06-21,LH,Labcorp,INDEX_ADDED,,ACTIVE,
2026-06-21,LRCX,Lam Research,INDEX_ADDED,,ACTIVE,
2026-06-21,LDOS,Leidos,INDEX_ADDED,,ACTIVE,
2026-06-21,LEN,Lennar,INDEX_ADDED,,ACTIVE,
2026-06-21,LII,Lennox International,INDEX_ADDED,,ACTIVE,
2026-06-21,LLY,Lilly (Eli),INDEX_ADDED,,ACTIVE,
2026-06-21,LIN,Linde plc,INDEX_ADDED,,ACTIVE,
2026-06-21,LYV,Live Nation Entertainment,INDEX_ADDED,,WARNED,sharia_below_B-
2026-06-21,LULU,Lululemon Athletica,INDEX_ADDED,,ACTIVE,
2026-06-21,LITE,Lumentum,INDEX_ADDED,,ACTIVE,
2026-06-21,MAR,Marriott International,INDEX_ADDED,,ACTIVE,
2026-06-21,MLM,Martin Marietta Materials,INDEX_ADDED,,ACTIVE,
2026-06-21,MAS,Masco,INDEX_ADDED,,ACTIVE,
2026-06-21,MA,Mastercard,INDEX_ADDED,,ACTIVE,
2026-06-21,MKC,McCormick & Company,INDEX_ADDED,,ACTIVE,
2026-06-21,MCK,McKesson Corporation,INDEX_ADDED,,ACTIVE,
2026-06-21,MDT,Medtronic,INDEX_ADDED,,ACTIVE,
2026-06-21,MRK,Merck & Co.,INDEX_ADDED,,ACTIVE,
2026-06-21,META,Meta Platforms,INDEX_ADDED,,ACTIVE,
2026-06-21,MTD,Mettler Toledo,INDEX_ADDED,,ACTIVE,
2026-06-21,MCHP,Microchip Technology,INDEX_ADDED,,ACTIVE,
2026-06-21,MU,Micron Technology,INDEX_ADDED,,ACTIVE,
2026-06-21,MSFT,Microsoft,INDEX_ADDED,,ACTIVE,
2026-06-21,MPWR,Monolithic Power Systems,INDEX_ADDED,,ACTIVE,
2026-06-21,MNST,Monster Beverage,INDEX_ADDED,,ACTIVE,
2026-06-21,MCO,Moody's Corporation,INDEX_ADDED,,ACTIVE,
2026-06-21,MSCI,MSCI Inc.,INDEX_ADDED,,ACTIVE,
2026-06-21,NDAQ,"Nasdaq, Inc.",INDEX_ADDED,,ACTIVE,
2026-06-21,NTAP,NetApp,INDEX_ADDED,,ACTIVE,
2026-06-21,NFLX,Netflix,INDEX_ADDED,,ACTIVE,
2026-06-21,NEM,Newmont,INDEX_ADDED,,ACTIVE,
2026-06-21,NWSA,News Corp (Class A),INDEX_ADDED,,ACTIVE,
2026-06-21,NWS,News Corp (Class B),INDEX_ADDED,,ACTIVE,
2026-06-21,NKE,"Nike, Inc.",INDEX_ADDED,,ACTIVE,
2026-06-21,NDSN,Nordson Corporation,INDEX_ADDED,,ACTIVE,
2026-06-21,NSC,Norfolk Southern,INDEX_ADDED,,ACTIVE,
2026-06-21,NTRS,Northern Trust,INDEX_ADDED,,WARNED,sharia_below_B-
2026-06-21,NUE,Nucor,INDEX_ADDED,,ACTIVE,
2026-06-21,NVDA,Nvidia,INDEX_ADDED,,ACTIVE,
2026-06-21,NVR,"NVR, Inc.",INDEX_ADDED,,ACTIVE,
2026-06-21,NXPI,NXP Semiconductors,INDEX_ADDED,,ACTIVE,
2026-06-21,ORLY,O’Reilly Automotive,INDEX_ADDED,,ACTIVE,
2026-06-21,ODFL,Old Dominion,INDEX_ADDED,,ACTIVE,
2026-06-21,ON,ON Semiconductor,INDEX_ADDED,,ACTIVE,
2026-06-21,OTIS,Otis Worldwide,INDEX_ADDED,,ACTIVE,
2026-06-21,PCAR,Paccar,INDEX_ADDED,,ACTIVE,
2026-06-21,PKG,Packaging Corporation of America,INDEX_ADDED,,ACTIVE,
2026-06-21,PH,Parker Hannifin,INDEX_ADDED,,ACTIVE,
2026-06-21,PAYX,Paychex,INDEX_ADDED,,ACTIVE,
2026-06-21,PNR,Pentair,INDEX_ADDED,,ACTIVE,
2026-06-21,PEP,PepsiCo,INDEX_ADDED,,ACTIVE,
2026-06-21,PSX,Phillips 66,INDEX_ADDED,,ACTIVE,
2026-06-21,PPG,PPG Industries,INDEX_ADDED,,ACTIVE,
2026-06-21,PG,Procter & Gamble,INDEX_ADDED,,ACTIVE,
2026-06-21,PLD,Prologis,INDEX_ADDED,,ACTIVE,
2026-06-21,PTC,PTC Inc.,INDEX_ADDED,,ACTIVE,
2026-06-21,PSA,Public Storage,INDEX_ADDED,,ACTIVE,
2026-06-21,PHM,PulteGroup,INDEX_ADDED,,ACTIVE,
2026-06-21,PWR,Quanta Services,INDEX_ADDED,,ACTIVE,
2026-06-21,QCOM,Qualcomm,INDEX_ADDED,,ACTIVE,
2026-06-21,DGX,Quest Diagnostics,INDEX_ADDED,,ACTIVE,
2026-06-21,Q,Qnity Electronics,INDEX_ADDED,,ACTIVE,
2026-06-21,RL,Ralph Lauren Corporation,INDEX_ADDED,,ACTIVE,
2026-06-21,RTX,RTX Corporation,INDEX_ADDED,,ACTIVE,
2026-06-21,RSG,Republic Services,INDEX_ADDED,,ACTIVE,
2026-06-21,RMD,ResMed,INDEX_ADDED,,ACTIVE,
2026-06-21,RVTY,Revvity,INDEX_ADDED,,WARNED,sharia_below_B-
2026-06-21,ROK,Rockwell Automation,INDEX_ADDED,,ACTIVE,
2026-06-21,ROL,"Rollins, Inc.",INDEX_ADDED,,ACTIVE,
2026-06-21,ROP,Roper Technologies,INDEX_ADDED,,ACTIVE,
2026-06-21,ROST,Ross Stores,INDEX_ADDED,,ACTIVE,
2026-06-21,RCL,Royal Caribbean Group,INDEX_ADDED,,ACTIVE,
2026-06-21,SPGI,S&P Global,INDEX_ADDED,,ACTIVE,
2026-06-21,CRM,Salesforce,INDEX_ADDED,,ACTIVE,
2026-06-21,SNDK,Sandisk,INDEX_ADDED,,ACTIVE,
2026-06-21,SLB,Schlumberger,INDEX_ADDED,,ACTIVE,
2026-06-21,STX,Seagate Technology,INDEX_ADDED,,ACTIVE,
2026-06-21,SRE,Sempra,INDEX_ADDED,,ACTIVE,
2026-06-21,NOW,ServiceNow,INDEX_ADDED,,ACTIVE,
2026-06-21,SHW,Sherwin-Williams,INDEX_ADDED,,ACTIVE,
2026-06-21,SWKS,Skyworks Solutions,INDEX_ADDED,,ACTIVE,
2026-06-21,SNA,Snap-on,INDEX_ADDED,,ACTIVE,
2026-06-21,LUV,Southwest Airlines,INDEX_ADDED,,WARNED,sharia_below_B-
2026-06-21,STLD,Steel Dynamics,INDEX_ADDED,,ACTIVE,
2026-06-21,STE,Steris,INDEX_ADDED,,ACTIVE,
2026-06-21,SYK,Stryker Corporation,INDEX_ADDED,,ACTIVE,
2026-06-21,SMCI,Supermicro,INDEX_ADDED,,WARNED,sharia_below_B-
2026-06-21,SNPS,Synopsys,INDEX_ADDED,,ACTIVE,
2026-06-21,TTWO,Take-Two Interactive,INDEX_ADDED,,ACTIVE,
2026-06-21,TPR,"Tapestry, Inc.",INDEX_ADDED,,ACTIVE,
2026-06-21,TEL,TE Connectivity,INDEX_ADDED,,ACTIVE,
2026-06-21,TDY,Teledyne Technologies,INDEX_ADDED,,ACTIVE,
2026-06-21,TER,Teradyne,INDEX_ADDED,,ACTIVE,
2026-06-21,TXN,Texas Instruments,INDEX_ADDED,,ACTIVE,
2026-06-21,TPL,Texas Pacific Land Corporation,INDEX_ADDED,,ACTIVE,
2026-06-21,TXT,Textron,INDEX_ADDED,,ACTIVE,
2026-06-21,TMO,Thermo Fisher Scientific,INDEX_ADDED,,ACTIVE,
2026-06-21,TJX,TJX Companies,INDEX_ADDED,,ACTIVE,
2026-06-21,TKO,TKO Group Holdings,INDEX_ADDED,,WARNED,sharia_below_B-
2026-06-21,TTD,Trade Desk (The),INDEX_ADDED,,WARNED,sharia_below_B-
2026-06-21,TSCO,Tractor Supply,INDEX_ADDED,,ACTIVE,
2026-06-21,TT,Trane Technologies,INDEX_ADDED,,ACTIVE,
2026-06-21,TRMB,Trimble Inc.,INDEX_ADDED,,ACTIVE,
2026-06-21,TYL,Tyler Technologies,INDEX_ADDED,,ACTIVE,
2026-06-21,UBER,Uber,INDEX_ADDED,,ACTIVE,
2026-06-21,ULTA,Ulta Beauty,INDEX_ADDED,,ACTIVE,
2026-06-21,UNP,Union Pacific Corporation,INDEX_ADDED,,ACTIVE,
2026-06-21,UPS,United Parcel Service,INDEX_ADDED,,ACTIVE,
2026-06-21,URI,United Rentals,INDEX_ADDED,,ACTIVE,
2026-06-21,UNH,UnitedHealth Group,INDEX_ADDED,,ACTIVE,
2026-06-21,VLO,Valero Energy,INDEX_ADDED,,ACTIVE,
2026-06-21,VEEV,Veeva Systems,INDEX_ADDED,,ACTIVE,
2026-06-21,VLTO,Veralto,INDEX_ADDED,,ACTIVE,
2026-06-21,VRSN,Verisign,INDEX_ADDED,,ACTIVE,
2026-06-21,VRSK,Verisk Analytics,INDEX_ADDED,,ACTIVE,
2026-06-21,VRT,Vertiv,INDEX_ADDED,,ACTIVE,
2026-06-21,V,Visa Inc.,INDEX_ADDED,,ACTIVE,
2026-06-21,VMC,Vulcan Materials Company,INDEX_ADDED,,ACTIVE,
2026-06-21,GWW,W. W. Grainger,INDEX_ADDED,,ACTIVE,
2026-06-21,WAB,Wabtec,INDEX_ADDED,,ACTIVE,
2026-06-21,DIS,Walt Disney Company (The),INDEX_ADDED,,WARNED,sharia_below_B-
2026-06-21,WM,Waste Management,INDEX_ADDED,,ACTIVE,
2026-06-21,WAT,Waters Corporation,INDEX_ADDED,,ACTIVE,
2026-06-21,WELL,Welltower,INDEX_ADDED,,ACTIVE,
2026-06-21,WST,West Pharmaceutical Services,INDEX_ADDED,,ACTIVE,
2026-06-21,WDC,Western Digital,INDEX_ADDED,,ACTIVE,
2026-06-21,WY,Weyerhaeuser,INDEX_ADDED,,ACTIVE,
2026-06-21,WSM,"Williams-Sonoma, Inc.",INDEX_ADDED,,ACTIVE,
2026-06-21,WDAY,"Workday, Inc.",INDEX_ADDED,,ACTIVE,
2026-06-21,XYL,Xylem Inc.,INDEX_ADDED,,ACTIVE,
2026-06-21,ZBRA,Zebra Technologies,INDEX_ADDED,,ACTIVE,
2026-06-21,ZBH,Zimmer Biomet,INDEX_ADDED,,ACTIVE,
2026-06-21,AA,AA,INDEX_ADDED,,ACTIVE,
2026-06-21,AAON,AAON,INDEX_ADDED,,ACTIVE,
2026-06-21,AIT,AIT,INDEX_ADDED,,ACTIVE,
2026-06-21,ALGM,ALGM,INDEX_ADDED,,ACTIVE,
2026-06-21,ALSN,ALSN,INDEX_ADDED,,ACTIVE,
2026-06-21,AMKR,AMKR,INDEX_ADDED,,ACTIVE,
2026-06-21,APG,APG,INDEX_ADDED,,ACTIVE,
2026-06-21,APPF,APPF,INDEX_ADDED,,ACTIVE,
2026-06-21,AR,AR,INDEX_ADDED,,ACTIVE,
2026-06-21,ARW,ARW,INDEX_ADDED,,ACTIVE,
2026-06-21,AS,AS,INDEX_ADDED,,ACTIVE,
2026-06-21,ATI,ATI,INDEX_ADDED,,ACTIVE,
2026-06-21,ATR,ATR,INDEX_ADDED,,ACTIVE,
2026-06-21,AU,AU,INDEX_ADDED,,ACTIVE,
2026-06-21,AUR,AUR,INDEX_ADDED,,ACTIVE,
2026-06-21,AWI,AWI,INDEX_ADDED,,ACTIVE,
2026-06-21,AYI,AYI,INDEX_ADDED,,ACTIVE,
2026-06-21,BAM,BAM,INDEX_ADDED,,ACTIVE,
2026-06-21,BFAM,BFAM,INDEX_ADDED,,ACTIVE,
2026-06-21,BIRK,BIRK,INDEX_ADDED,,ACTIVE,
2026-06-21,BJ,BJ,INDEX_ADDED,,ACTIVE,
2026-06-21,BLD,BLD,INDEX_ADDED,,ACTIVE,
2026-06-21,BLSH,BLSH,INDEX_ADDED,,ACTIVE,
2026-06-21,BMRN,BMRN,INDEX_ADDED,,ACTIVE,
2026-06-21,BRKR,BRKR,INDEX_ADDED,,ACTIVE,
2026-06-21,BROS,BROS,INDEX_ADDED,,ACTIVE,
2026-06-21,BSY,BSY,INDEX_ADDED,,ACTIVE,
2026-06-21,BURL,BURL,INDEX_ADDED,,ACTIVE,
2026-06-21,BWA,BWA,INDEX_ADDED,,ACTIVE,
2026-06-21,CAI,CAI,INDEX_ADDED,,ACTIVE,
2026-06-21,CAVA,CAVA,INDEX_ADDED,,ACTIVE,
2026-06-21,CELH,CELH,INDEX_ADDED,,ACTIVE,
2026-06-21,CGNX,CGNX,INDEX_ADDED,,ACTIVE,
2026-06-21,CHE,CHE,INDEX_ADDED,,ACTIVE,
2026-06-21,CHRD,CHRD,INDEX_ADDED,,ACTIVE,
2026-06-21,CHWY,CHWY,INDEX_ADDED,,ACTIVE,
2026-06-21,CLH,CLH,INDEX_ADDED,,ACTIVE,
2026-06-21,CNM,CNM,INDEX_ADDED,,ACTIVE,
2026-06-21,CORT,CORT,INDEX_ADDED,,ACTIVE,
2026-06-21,CPB,CPB,INDEX_ADDED,,ACTIVE,
2026-06-21,CPNG,CPNG,INDEX_ADDED,,ACTIVE,
2026-06-21,CR,CR,INDEX_ADDED,,ACTIVE,
2026-06-21,CROX,CROX,INDEX_ADDED,,ACTIVE,
2026-06-21,CRS,CRS,INDEX_ADDED,,ACTIVE,
2026-06-21,CRUS,CRUS,INDEX_ADDED,,ACTIVE,
2026-06-21,CSL,CSL,INDEX_ADDED,,ACTIVE,
2026-06-21,CWEN-A,CWEN-A,INDEX_ADDED,,ACTIVE,
2026-06-21,DCI,DCI,INDEX_ADDED,,ACTIVE,
2026-06-21,DDS,DDS,INDEX_ADDED,,ACTIVE,
2026-06-21,DINO,DINO,INDEX_ADDED,,ACTIVE,
2026-06-21,DLB,DLB,INDEX_ADDED,,ACTIVE,
2026-06-21,DOCS,DOCS,INDEX_ADDED,,ACTIVE,
2026-06-21,DOCU,DOCU,INDEX_ADDED,,ACTIVE,
2026-06-21,DOX,DOX,INDEX_ADDED,,ACTIVE,
2026-06-21,DRS,DRS,INDEX_ADDED,,ACTIVE,
2026-06-21,DT,DT,INDEX_ADDED,,ACTIVE,
2026-06-21,DTM,DTM,INDEX_ADDED,,ACTIVE,
2026-06-21,DUOL,DUOL,INDEX_ADDED,,ACTIVE,
2026-06-21,ECG,ECG,INDEX_ADDED,,ACTIVE,
2026-06-21,EGP,EGP,INDEX_ADDED,,ACTIVE,
2026-06-21,EHC,EHC,INDEX_ADDED,,ACTIVE,
2026-06-21,ELS,ELS,INDEX_ADDED,,ACTIVE,
2026-06-21,ENTG,ENTG,INDEX_ADDED,,ACTIVE,
2026-06-21,EPAM,EPAM,INDEX_ADDED,,ACTIVE,
2026-06-21,ESAB,ESAB,INDEX_ADDED,,ACTIVE,
2026-06-21,ESI,ESI,INDEX_ADDED,,ACTIVE,
2026-06-21,ESTC,ESTC,INDEX_ADDED,,ACTIVE,
2026-06-21,EVR,EVR,INDEX_ADDED,,ACTIVE,
2026-06-21,EXEL,EXEL,INDEX_ADDED,,ACTIVE,
2026-06-21,EXLS,EXLS,INDEX_ADDED,,ACTIVE,
2026-06-21,EXP,EXP,INDEX_ADDED,,ACTIVE,
2026-06-21,FCN,FCN,INDEX_ADDED,,ACTIVE,
2026-06-21,FERG,FERG,INDEX_ADDED,,ACTIVE,
2026-06-21,FLS,FLS,INDEX_ADDED,,ACTIVE,
2026-06-21,FND,FND,INDEX_ADDED,,ACTIVE,
2026-06-21,FTAI,FTAI,INDEX_ADDED,,ACTIVE,
2026-06-21,FTI,FTI,INDEX_ADDED,,ACTIVE,
2026-06-21,FWONA,FWONA,INDEX_ADDED,,ACTIVE,
2026-06-21,FWONK,FWONK,INDEX_ADDED,,ACTIVE,
2026-06-21,GFS,GFS,INDEX_ADDED,,ACTIVE,
2026-06-21,GGG,GGG,INDEX_ADDED,,ACTIVE,
2026-06-21,GMED,GMED,INDEX_ADDED,,ACTIVE,
2026-06-21,GNTX,GNTX,INDEX_ADDED,,ACTIVE,
2026-06-21,H,H,INDEX_ADDED,,ACTIVE,
2026-06-21,HALO,HALO,INDEX_ADDED,,ACTIVE,
2026-06-21,HEI,HEI,INDEX_ADDED,,ACTIVE,
2026-06-21,HEI-A,HEI-A,INDEX_ADDED,,ACTIVE,
2026-06-21,HLI,HLI,INDEX_ADDED,,ACTIVE,
2026-06-21,HLNE,HLNE,INDEX_ADDED,,ACTIVE,
2026-06-21,HUBS,HUBS,INDEX_ADDED,,ACTIVE,
2026-06-21,HXL,HXL,INDEX_ADDED,,ACTIVE,
2026-06-21,ILMN,ILMN,INDEX_ADDED,,ACTIVE,
2026-06-21,INGR,INGR,INDEX_ADDED,,ACTIVE,
2026-06-21,INSM,INSM,INDEX_ADDED,,ACTIVE,
2026-06-21,IONS,IONS,INDEX_ADDED,,ACTIVE,
2026-06-21,IOT,IOT,INDEX_ADDED,,ACTIVE,
2026-06-21,IPGP,IPGP,INDEX_ADDED,,ACTIVE,
2026-06-21,ITT,ITT,INDEX_ADDED,,ACTIVE,
2026-06-21,JHG,JHG,INDEX_ADDED,,ACTIVE,
2026-06-21,JHX,JHX,INDEX_ADDED,,ACTIVE,
2026-06-21,JLL,JLL,INDEX_ADDED,,ACTIVE,
2026-06-21,KEX,KEX,INDEX_ADDED,,ACTIVE,
2026-06-21,KNX,KNX,INDEX_ADDED,,ACTIVE,
2026-06-21,KRMN,KRMN,INDEX_ADDED,,ACTIVE,
2026-06-21,LAMR,LAMR,INDEX_ADDED,,ACTIVE,
2026-06-21,LBTYK,LBTYK,INDEX_ADDED,,ACTIVE,
2026-06-21,LECO,LECO,INDEX_ADDED,,ACTIVE,
2026-06-21,LEN-B,LEN-B,INDEX_ADDED,,ACTIVE,
2026-06-21,LFUS,LFUS,INDEX_ADDED,,ACTIVE,
2026-06-21,LLYVK,LLYVK,INDEX_ADDED,,ACTIVE,
2026-06-21,LOAR,LOAR,INDEX_ADDED,,ACTIVE,
2026-06-21,LOPE,LOPE,INDEX_ADDED,,ACTIVE,
2026-06-21,LPX,LPX,INDEX_ADDED,,ACTIVE,
2026-06-21,LSCC,LSCC,INDEX_ADDED,,ACTIVE,
2026-06-21,LSTR,LSTR,INDEX_ADDED,,ACTIVE,
2026-06-21,MANH,MANH,INDEX_ADDED,,ACTIVE,
2026-06-21,MASI,MASI,INDEX_ADDED,,ACTIVE,
2026-06-21,MDB,MDB,INDEX_ADDED,,ACTIVE,
2026-06-21,MEDP,MEDP,INDEX_ADDED,,ACTIVE,
2026-06-21,MKSI,MKSI,INDEX_ADDED,,ACTIVE,
2026-06-21,MKTX,MKTX,INDEX_ADDED,,ACTIVE,
2026-06-21,MLI,MLI,INDEX_ADDED,,ACTIVE,
2026-06-21,MORN,MORN,INDEX_ADDED,,ACTIVE,
2026-06-21,MSA,MSA,INDEX_ADDED,,ACTIVE,
2026-06-21,MSGS,MSGS,INDEX_ADDED,,ACTIVE,
2026-06-21,MSM,MSM,INDEX_ADDED,,ACTIVE,
2026-06-21,MSTR,MSTR,INDEX_ADDED,,ACTIVE,
2026-06-21,MTSI,MTSI,INDEX_ADDED,,ACTIVE,
2026-06-21,MTZ,MTZ,INDEX_ADDED,,ACTIVE,
2026-06-21,MUSA,MUSA,INDEX_ADDED,,ACTIVE,
2026-06-21,NBIX,NBIX,INDEX_ADDED,,ACTIVE,
2026-06-21,NEU,NEU,INDEX_ADDED,,ACTIVE,
2026-06-21,NNN,NNN,INDEX_ADDED,,ACTIVE,
2026-06-21,NOV,NOV,INDEX_ADDED,,ACTIVE,
2026-06-21,NTNX,NTNX,INDEX_ADDED,,ACTIVE,
2026-06-21,NTRA,NTRA,INDEX_ADDED,,ACTIVE,
2026-06-21,NVT,NVT,INDEX_ADDED,,ACTIVE,
2026-06-21,NYT,NYT,INDEX_ADDED,,ACTIVE,
2026-06-21,OKTA,OKTA,INDEX_ADDED,,ACTIVE,
2026-06-21,OLLI,OLLI,INDEX_ADDED,,ACTIVE,
2026-06-21,ONON,ONON,INDEX_ADDED,,ACTIVE,
2026-06-21,ONTO,ONTO,INDEX_ADDED,,ACTIVE,
2026-06-21,OSK,OSK,INDEX_ADDED,,ACTIVE,
2026-06-21,OWL,OWL,INDEX_ADDED,,ACTIVE,
2026-06-21,P,P,INDEX_ADDED,,ACTIVE,
2026-06-21,PAG,PAG,INDEX_ADDED,,ACTIVE,
2026-06-21,PATH,PATH,INDEX_ADDED,,ACTIVE,
2026-06-21,PAYC,PAYC,INDEX_ADDED,,ACTIVE,
2026-06-21,PCOR,PCOR,INDEX_ADDED,,ACTIVE,
2026-06-21,PCTY,PCTY,INDEX_ADDED,,ACTIVE,
2026-06-21,PEGA,PEGA,INDEX_ADDED,,ACTIVE,
2026-06-21,PEN,PEN,INDEX_ADDED,,ACTIVE,
2026-06-21,PINS,PINS,INDEX_ADDED,,ACTIVE,
2026-06-21,POOL,POOL,INDEX_ADDED,,ACTIVE,
2026-06-21,PR,PR,INDEX_ADDED,,ACTIVE,
2026-06-21,PSN,PSN,INDEX_ADDED,,ACTIVE,
2026-06-21,QRVO,QRVO,INDEX_ADDED,,ACTIVE,
2026-06-21,RAL,RAL,INDEX_ADDED,,ACTIVE,
2026-06-21,RBA,RBA,INDEX_ADDED,,ACTIVE,
2026-06-21,RBC,RBC,INDEX_ADDED,,ACTIVE,
2026-06-21,RBRK,RBRK,INDEX_ADDED,,ACTIVE,
2026-06-21,RDDT,RDDT,INDEX_ADDED,,ACTIVE,
2026-06-21,RGEN,RGEN,INDEX_ADDED,,ACTIVE,
2026-06-21,RGLD,RGLD,INDEX_ADDED,,ACTIVE,
2026-06-21,ROKU,ROKU,INDEX_ADDED,,ACTIVE,
2026-06-21,RPM,RPM,INDEX_ADDED,,ACTIVE,
2026-06-21,RRC,RRC,INDEX_ADDED,,ACTIVE,
2026-06-21,RS,RS,INDEX_ADDED,,ACTIVE,
2026-06-21,S,S,INDEX_ADDED,,ACTIVE,
2026-06-21,SAIA,SAIA,INDEX_ADDED,,ACTIVE,
2026-06-21,SAIL,SAIL,INDEX_ADDED,,ACTIVE,
2026-06-21,SARO,SARO,INDEX_ADDED,,ACTIVE,
2026-06-21,SCCO,SCCO,INDEX_ADDED,,ACTIVE,
2026-06-21,SEIC,SEIC,INDEX_ADDED,,ACTIVE,
2026-06-21,SFM,SFM,INDEX_ADDED,,ACTIVE,
2026-06-21,SGI,SGI,INDEX_ADDED,,ACTIVE,
2026-06-21,SITE,SITE,INDEX_ADDED,,ACTIVE,
2026-06-21,SN,SN,INDEX_ADDED,,ACTIVE,
2026-06-21,SNDR,SNDR,INDEX_ADDED,,ACTIVE,
2026-06-21,SNOW,SNOW,INDEX_ADDED,,ACTIVE,
2026-06-21,SNX,SNX,INDEX_ADDED,,ACTIVE,
2026-06-21,SOLS,SOLS,INDEX_ADDED,,ACTIVE,
2026-06-21,SPOT,SPOT,INDEX_ADDED,,ACTIVE,
2026-06-21,SSD,SSD,INDEX_ADDED,,ACTIVE,
2026-06-21,TEAM,TEAM,INDEX_ADDED,,ACTIVE,
2026-06-21,TEM,TEM,INDEX_ADDED,,ACTIVE,
2026-06-21,TFX,TFX,INDEX_ADDED,,ACTIVE,
2026-06-21,THO,THO,INDEX_ADDED,,ACTIVE,
2026-06-21,TKR,TKR,INDEX_ADDED,,ACTIVE,
2026-06-21,TOL,TOL,INDEX_ADDED,,ACTIVE,
2026-06-21,TOST,TOST,INDEX_ADDED,,ACTIVE,
2026-06-21,TPG,TPG,INDEX_ADDED,,ACTIVE,
2026-06-21,TREX,TREX,INDEX_ADDED,,ACTIVE,
2026-06-21,TTC,TTC,INDEX_ADDED,,ACTIVE,
2026-06-21,TTEK,TTEK,INDEX_ADDED,,ACTIVE,
2026-06-21,TW,TW,INDEX_ADDED,,ACTIVE,
2026-06-21,TWLO,TWLO,INDEX_ADDED,,ACTIVE,
2026-06-21,TXRH,TXRH,INDEX_ADDED,,ACTIVE,
2026-06-21,U,U,INDEX_ADDED,,ACTIVE,
2026-06-21,UHAL-B,UHAL-B,INDEX_ADDED,,ACTIVE,
2026-06-21,UI,UI,INDEX_ADDED,,ACTIVE,
2026-06-21,USFD,USFD,INDEX_ADDED,,ACTIVE,
2026-06-21,VGNT,VGNT,INDEX_ADDED,,ACTIVE,
2026-06-21,VIK,VIK,INDEX_ADDED,,ACTIVE,
2026-06-21,VMI,VMI,INDEX_ADDED,,ACTIVE,
2026-06-21,VNOM,VNOM,INDEX_ADDED,,ACTIVE,
2026-06-21,VOYA,VOYA,INDEX_ADDED,,ACTIVE,
2026-06-21,VSNT,VSNT,INDEX_ADDED,,ACTIVE,
2026-06-21,VVV,VVV,INDEX_ADDED,,ACTIVE,
2026-06-21,WFRD,WFRD,INDEX_ADDED,,ACTIVE,
2026-06-21,WING,WING,INDEX_ADDED,,ACTIVE,
2026-06-21,WMS,WMS,INDEX_ADDED,,ACTIVE,
2026-06-21,WSO,WSO,INDEX_ADDED,,ACTIVE,
2026-06-21,WWD,WWD,INDEX_ADDED,,ACTIVE,
2026-06-21,XPO,XPO,INDEX_ADDED,,ACTIVE,
2026-06-21,YETI,YETI,INDEX_ADDED,,ACTIVE,
2026-06-21,Z,Z,INDEX_ADDED,,ACTIVE,
2026-06-21,ZG,ZG,INDEX_ADDED,,ACTIVE,
2026-06-21,ZS,ZS,INDEX_ADDED,,ACTIVE,
2026-06-22,APTV,Aptiv,BDS_CHANGE,UNKNOWN,YES,
2026-06-22,ACGL,Arch Capital Group,BDS_CHANGE,UNKNOWN,YES,
2026-06-22,ADM,Archer Daniels Midland,BDS_CHANGE,UNKNOWN,YES,
2026-06-22,ARES,Ares Management,BDS_CHANGE,UNKNOWN,YES,
2026-06-22,ANET,Arista Networks,BDS_CHANGE,UNKNOWN,YES,
2026-06-22,AJG,Arthur J. Gallagher & Co.,BDS_CHANGE,UNKNOWN,YES,
2026-06-22,AIZ,Assurant,BDS_CHANGE,UNKNOWN,YES,
2026-06-22,T,AT&T,BDS_CHANGE,UNKNOWN,YES,
2026-06-22,ATO,Atmos Energy,BDS_CHANGE,UNKNOWN,YES,
2026-06-22,BKNG,Booking Holdings,BDS_CHANGE,UNKNOWN,NO,
2026-06-22,DUK,Duke Energy,BDS_CHANGE,UNKNOWN,YES,
2026-06-22,DD,DuPont,BDS_CHANGE,UNKNOWN,YES,
2026-06-22,ETN,Eaton Corporation,BDS_CHANGE,UNKNOWN,YES,
2026-06-22,EBAY,eBay Inc.,BDS_CHANGE,UNKNOWN,YES,
2026-06-22,SATS,EchoStar,BDS_CHANGE,UNKNOWN,YES,
2026-06-22,ECL,Ecolab,BDS_CHANGE,UNKNOWN,YES,
2026-06-22,EIX,Edison International,BDS_CHANGE,UNKNOWN,YES,
2026-06-22,EW,Edwards Lifesciences,BDS_CHANGE,UNKNOWN,YES,
2026-06-22,EA,Electronic Arts,BDS_CHANGE,UNKNOWN,YES,
2026-06-22,ELV,Elevance Health,BDS_CHANGE,UNKNOWN,YES,
2026-06-22,HST,Host Hotels & Resorts,BDS_CHANGE,UNKNOWN,YES,
2026-06-22,HWM,Howmet Aerospace,BDS_CHANGE,UNKNOWN,YES,
2026-06-22,HUBB,Hubbell Incorporated,BDS_CHANGE,UNKNOWN,YES,
2026-06-22,HII,Huntington Ingalls Industries,INDEX_REMOVED,ACTIVE,REMOVED,bds_NO
2026-06-22,HII,Huntington Ingalls Industries,STATUS_CHANGE,ACTIVE,REMOVED,bds_NO
2026-06-22,HII,Huntington Ingalls Industries,BDS_CHANGE,UNKNOWN,NO,
2026-06-22,IEX,IDEX Corporation,BDS_CHANGE,UNKNOWN,YES,
2026-06-22,IR,Ingersoll Rand,BDS_CHANGE,UNKNOWN,YES,
2026-06-22,PODD,Insulet Corporation,BDS_CHANGE,UNKNOWN,YES,
2026-06-22,IBKR,Interactive Brokers,BDS_CHANGE,UNKNOWN,YES,
2026-06-22,ICE,Intercontinental Exchange,BDS_CHANGE,UNKNOWN,YES,
2026-06-22,IFF,International Flavors & Fragrances,BDS_CHANGE,UNKNOWN,YES,
2026-06-22,IP,International Paper,BDS_CHANGE,UNKNOWN,YES,
2026-06-22,INTU,Intuit,BDS_CHANGE,UNKNOWN,YES,
2026-06-22,ISRG,Intuitive Surgical,BDS_CHANGE,UNKNOWN,YES,
2026-06-22,IVZ,Invesco,BDS_CHANGE,UNKNOWN,YES,
2026-06-22,INVH,Invitation Homes,BDS_CHANGE,UNKNOWN,YES,
2026-06-22,IQV,IQVIA,BDS_CHANGE,UNKNOWN,YES,
2026-06-22,IRM,Iron Mountain,BDS_CHANGE,UNKNOWN,YES,
2026-06-22,JBHT,J.B. Hunt,BDS_CHANGE,UNKNOWN,YES,
2026-06-22,JBL,Jabil,BDS_CHANGE,UNKNOWN,YES,
2026-06-22,JKHY,Jack Henry & Associates,BDS_CHANGE,UNKNOWN,YES,
2026-06-22,NI,NiSource,BDS_CHANGE,UNKNOWN,YES,
2026-06-22,NDSN,Nordson Corporation,BDS_CHANGE,UNKNOWN,YES,
2026-06-22,NSC,Norfolk Southern,BDS_CHANGE,UNKNOWN,YES,
2026-06-22,NTRS,Northern Trust,BDS_CHANGE,UNKNOWN,YES,
2026-06-22,NVDA,Nvidia,BDS_CHANGE,UNKNOWN,YES,
2026-06-22,OXY,Occidental Petroleum,BDS_CHANGE,UNKNOWN,YES,
2026-06-22,PH,Parker Hannifin,BDS_CHANGE,UNKNOWN,YES,
2026-06-22,PAYX,Paychex,BDS_CHANGE,UNKNOWN,YES,
2026-06-22,PYPL,PayPal,BDS_CHANGE,UNKNOWN,YES,
2026-06-22,PNR,Pentair,BDS_CHANGE,UNKNOWN,YES,
2026-06-22,PEP,PepsiCo,INDEX_REMOVED,ACTIVE,REMOVED,bds_NO
2026-06-22,PEP,PepsiCo,STATUS_CHANGE,ACTIVE,REMOVED,bds_NO
2026-06-22,PEP,PepsiCo,BDS_CHANGE,UNKNOWN,NO,
2026-06-22,PFE,Pfizer,BDS_CHANGE,UNKNOWN,YES,
2026-06-22,PCG,PG&E Corporation,BDS_CHANGE,UNKNOWN,YES,
2026-06-22,PM,Philip Morris International,BDS_CHANGE,UNKNOWN,YES,
2026-06-22,PSX,Phillips 66,BDS_CHANGE,UNKNOWN,YES,
2026-06-22,PNW,Pinnacle West Capital,BDS_CHANGE,UNKNOWN,YES,
2026-06-22,PNC,PNC Financial Services,BDS_CHANGE,UNKNOWN,YES,
2026-06-22,PPG,PPG Industries,BDS_CHANGE,UNKNOWN,YES,
2026-06-22,PPL,PPL Corporation,BDS_CHANGE,UNKNOWN,YES,
2026-06-22,PFG,Principal Financial Group,BDS_CHANGE,UNKNOWN,YES,
2026-06-22,PG,Procter & Gamble,BDS_CHANGE,UNKNOWN,YES,
2026-06-22,PGR,Progressive Corporation,BDS_CHANGE,UNKNOWN,YES,
2026-06-22,PLD,Prologis,BDS_CHANGE,UNKNOWN,YES,
2026-06-22,PRU,Prudential Financial,BDS_CHANGE,UNKNOWN,YES,
2026-06-22,PEG,Public Service Enterprise Group,BDS_CHANGE,UNKNOWN,YES,
2026-06-22,PSA,Public Storage,BDS_CHANGE,UNKNOWN,YES,
2026-06-22,PHM,PulteGroup,BDS_CHANGE,UNKNOWN,YES,
2026-06-22,PWR,Quanta Services,BDS_CHANGE,UNKNOWN,YES,
2026-06-22,SYK,Stryker Corporation,BDS_CHANGE,UNKNOWN,YES,
2026-06-22,SMCI,Supermicro,BDS_CHANGE,UNKNOWN,YES,
2026-06-22,SYF,Synchrony Financial,BDS_CHANGE,UNKNOWN,YES,
2026-06-22,SNPS,Synopsys,BDS_CHANGE,UNKNOWN,YES,
2026-06-22,SYY,Sysco,BDS_CHANGE,UNKNOWN,YES,
2026-06-22,TMUS,T-Mobile US,BDS_CHANGE,UNKNOWN,YES,
2026-06-22,TPL,Texas Pacific Land Corporation,BDS_CHANGE,UNKNOWN,YES,
2026-06-22,TXT,Textron,INDEX_REMOVED,ACTIVE,REMOVED,bds_NO
2026-06-22,TXT,Textron,STATUS_CHANGE,ACTIVE,REMOVED,bds_NO
2026-06-22,TXT,Textron,BDS_CHANGE,UNKNOWN,NO,
2026-06-22,TMO,Thermo Fisher Scientific,BDS_CHANGE,UNKNOWN,YES,
2026-06-22,TJX,TJX Companies,BDS_CHANGE,UNKNOWN,YES,
2026-06-22,TKO,TKO Group Holdings,BDS_CHANGE,UNKNOWN,YES,
2026-06-22,TTD,Trade Desk (The),BDS_CHANGE,UNKNOWN,YES,
2026-06-22,TSCO,Tractor Supply,BDS_CHANGE,UNKNOWN,YES,
2026-06-22,TT,Trane Technologies,BDS_CHANGE,UNKNOWN,YES,
2026-06-22,TDG,TransDigm Group,BDS_CHANGE,UNKNOWN,YES,
2026-06-22,TRV,Travelers Companies (The),BDS_CHANGE,UNKNOWN,YES,
2026-06-22,TRMB,Trimble Inc.,BDS_CHANGE,UNKNOWN,YES,
2026-06-22,TFC,Truist Financial,BDS_CHANGE,UNKNOWN,YES,
2026-06-22,TYL,Tyler Technologies,BDS_CHANGE,UNKNOWN,YES,
2026-06-22,TSN,Tyson Foods,BDS_CHANGE,UNKNOWN,YES,
2026-06-22,USB,U.S. Bancorp,BDS_CHANGE,UNKNOWN,YES,
2026-06-22,UBER,Uber,INDEX_REMOVED,ACTIVE,REMOVED,bds_NO
2026-06-22,UBER,Uber,STATUS_CHANGE,ACTIVE,REMOVED,bds_NO
2026-06-22,UBER,Uber,BDS_CHANGE,UNKNOWN,NO,
2026-06-22,UDR,"UDR, Inc.",BDS_CHANGE,UNKNOWN,YES,
2026-06-22,ULTA,Ulta Beauty,BDS_CHANGE,UNKNOWN,YES,
2026-06-22,UNP,Union Pacific Corporation,BDS_CHANGE,UNKNOWN,YES,
2026-06-22,UAL,United Airlines Holdings,BDS_CHANGE,UNKNOWN,YES,
2026-06-22,UPS,United Parcel Service,BDS_CHANGE,UNKNOWN,YES,
2026-06-22,URI,United Rentals,BDS_CHANGE,UNKNOWN,YES,
2026-06-22,UNH,UnitedHealth Group,BDS_CHANGE,UNKNOWN,YES,
2026-06-22,UHS,Universal Health Services,BDS_CHANGE,UNKNOWN,YES,
2026-06-22,VLO,Valero Energy,BDS_CHANGE,UNKNOWN,YES,
2026-06-22,VEEV,Veeva Systems,BDS_CHANGE,UNKNOWN,YES,
2026-06-22,VTR,Ventas,BDS_CHANGE,UNKNOWN,YES,
2026-06-22,VLTO,Veralto,BDS_CHANGE,UNKNOWN,YES,
2026-06-22,VRSN,Verisign,BDS_CHANGE,UNKNOWN,YES,
2026-06-22,VRSK,Verisk Analytics,BDS_CHANGE,UNKNOWN,YES,
2026-06-22,ZBRA,Zebra Technologies,BDS_CHANGE,UNKNOWN,YES,
2026-06-22,ZBH,Zimmer Biomet,BDS_CHANGE,UNKNOWN,YES,
2026-06-22,ZTS,Zoetis,BDS_CHANGE,UNKNOWN,YES,
2026-06-22,AA,AA,BDS_CHANGE,UNKNOWN,YES,
2026-06-22,DOX,DOX,INDEX_REMOVED,ACTIVE,REMOVED,bds_NO
2026-06-22,DOX,DOX,STATUS_CHANGE,ACTIVE,REMOVED,bds_NO
2026-06-22,DOX,DOX,BDS_CHANGE,UNKNOWN,NO,
2026-06-22,ETSY,ETSY,BDS_CHANGE,UNKNOWN,YES,
2026-06-22,HRB,HRB,BDS_CHANGE,UNKNOWN,YES,
2026-06-22,HUBS,HUBS,BDS_CHANGE,UNKNOWN,YES,
2026-06-22,HUN,HUN,BDS_CHANGE,UNKNOWN,YES,
2026-06-22,IDA,IDA,BDS_CHANGE,UNKNOWN,YES,
2026-06-22,ILMN,ILMN,BDS_CHANGE,UNKNOWN,YES,
2026-06-22,INGR,INGR,BDS_CHANGE,UNKNOWN,YES,
2026-06-22,MPT,MPT,INDEX_ADDED,,ACTIVE,
2026-06-22,MSTR,MSTR,BDS_CHANGE,UNKNOWN,YES,
2026-06-22,MTCH,MTCH,BDS_CHANGE,UNKNOWN,YES,
2026-06-22,MTDR,MTDR,BDS_CHANGE,UNKNOWN,YES,
2026-06-22,MTG,MTG,BDS_CHANGE,UNKNOWN,YES,
2026-06-22,MTN,MTN,BDS_CHANGE,UNKNOWN,YES,
2026-06-22,MTSI,MTSI,BDS_CHANGE,UNKNOWN,YES,
2026-06-22,MTZ,MTZ,BDS_CHANGE,UNKNOWN,YES,
2026-06-22,MUSA,MUSA,BDS_CHANGE,UNKNOWN,YES,
2026-06-22,NBIX,NBIX,BDS_CHANGE,UNKNOWN,YES,
2026-06-22,NCNO,NCNO,BDS_CHANGE,UNKNOWN,YES,
2026-06-22,PEN,PEN,BDS_CHANGE,UNKNOWN,YES,
2026-06-22,PENN,PENN,BDS_CHANGE,UNKNOWN,YES,
2026-06-22,PFGC,PFGC,BDS_CHANGE,UNKNOWN,YES,
2026-06-22,PINS,PINS,BDS_CHANGE,UNKNOWN,YES,
2026-06-22,PK,PK,BDS_CHANGE,UNKNOWN,YES,
2026-06-22,PLNT,PLNT,BDS_CHANGE,UNKNOWN,YES,
2026-06-22,PPLI,PPLI,INDEX_ADDED,,ACTIVE,
2026-06-22,PVH,PVH,BDS_CHANGE,UNKNOWN,NO,
2026-06-22,RHI,RHI,INDEX_ADDED,,ACTIVE,
2026-06-22,RNG,RNG,INDEX_ADDED,,ACTIVE,
2026-06-22,TDC,TDC,INDEX_ADDED,,ACTIVE,
2026-06-22,UA,UA,BDS_CHANGE,UNKNOWN,YES,
2026-06-22,UAA,UAA,BDS_CHANGE,UNKNOWN,YES,
2026-06-22,VIK,VIK,BDS_CHANGE,UNKNOWN,YES,
2026-06-22,VIRT,VIRT,BDS_CHANGE,UNKNOWN,YES,
2026-06-22,VKTX,VKTX,BDS_CHANGE,UNKNOWN,YES,
2026-06-22,VMI,VMI,BDS_CHANGE,UNKNOWN,YES,
2026-06-22,VNO,VNO,BDS_CHANGE,UNKNOWN,YES,
2026-06-22,VNOM,VNOM,BDS_CHANGE,UNKNOWN,YES,
2026-06-22,VNT,VNT,BDS_CHANGE,UNKNOWN,YES,
2026-06-22,WTRG,WTRG,BDS_CHANGE,UNKNOWN,YES,
2026-06-22,WU,WU,BDS_CHANGE,UNKNOWN,YES,
2026-06-22,XP,XP,BDS_CHANGE,UNKNOWN,YES,
2026-06-22,ZION,ZION,BDS_CHANGE,UNKNOWN,NO,
2026-06-23,BA,Boeing,BDS_CHANGE,UNKNOWN,NO,
2026-06-23,CAG,Conagra Brands,BDS_CHANGE,UNKNOWN,YES,
2026-06-23,COP,ConocoPhillips,BDS_CHANGE,UNKNOWN,YES,
2026-06-23,ED,Consolidated Edison,BDS_CHANGE,UNKNOWN,YES,
2026-06-23,STZ,Constellation Brands,BDS_CHANGE,UNKNOWN,YES,
2026-06-23,CEG,Constellation Energy,BDS_CHANGE,UNKNOWN,YES,
2026-06-23,CPRT,Copart,BDS_CHANGE,UNKNOWN,YES,
2026-06-23,GLW,Corning Inc.,BDS_CHANGE,UNKNOWN,YES,
2026-06-23,QCOM,Qualcomm,BDS_CHANGE,UNKNOWN,YES,
2026-06-23,DGX,Quest Diagnostics,BDS_CHANGE,UNKNOWN,YES,
2026-06-23,RL,Ralph Lauren Corporation,BDS_CHANGE,UNKNOWN,YES,
2026-06-23,RJF,Raymond James Financial,BDS_CHANGE,UNKNOWN,YES,
2026-06-23,RTX,RTX Corporation,INDEX_REMOVED,ACTIVE,REMOVED,bds_NO
2026-06-23,RTX,RTX Corporation,STATUS_CHANGE,ACTIVE,REMOVED,bds_NO
2026-06-23,RTX,RTX Corporation,BDS_CHANGE,UNKNOWN,NO,
2026-06-23,O,Realty Income,BDS_CHANGE,UNKNOWN,YES,
2026-06-23,REG,Regency Centers,BDS_CHANGE,UNKNOWN,YES,
2026-06-23,RCL,Royal Caribbean Group,BDS_CHANGE,UNKNOWN,YES,
2026-06-23,SPGI,S&P Global,BDS_CHANGE,UNKNOWN,YES,
2026-06-23,CRM,Salesforce,BDS_CHANGE,UNKNOWN,YES,
2026-06-23,SNDK,Sandisk,BDS_CHANGE,UNKNOWN,YES,
2026-06-23,SBAC,SBA Communications,BDS_CHANGE,UNKNOWN,YES,
2026-06-23,SLB,Schlumberger,BDS_CHANGE,UNKNOWN,YES,
2026-06-23,STX,Seagate Technology,BDS_CHANGE,UNKNOWN,YES,
2026-06-23,SRE,Sempra,BDS_CHANGE,UNKNOWN,YES,
2026-06-23,NOW,ServiceNow,BDS_CHANGE,UNKNOWN,YES,
2026-06-23,STT,State Street Corporation,BDS_CHANGE,UNKNOWN,YES,
2026-06-23,DOCU,DOCU,BDS_CHANGE,UNKNOWN,YES,
2026-06-23,DRS,DRS,INDEX_REMOVED,ACTIVE,REMOVED,bds_NO
2026-06-23,DRS,DRS,STATUS_CHANGE,ACTIVE,REMOVED,bds_NO
2026-06-23,DRS,DRS,BDS_CHANGE,UNKNOWN,NO,
2026-06-23,DT,DT,BDS_CHANGE,UNKNOWN,YES,
2026-06-23,DTM,DTM,BDS_CHANGE,UNKNOWN,YES,
2026-06-23,DUOL,DUOL,BDS_CHANGE,UNKNOWN,YES,
2026-06-23,DV,DV,BDS_CHANGE,UNKNOWN,YES,
2026-06-23,DXC,DXC,BDS_CHANGE,UNKNOWN,YES,
2026-06-23,EEFT,EEFT,BDS_CHANGE,UNKNOWN,YES,
2026-06-23,EGP,EGP,BDS_CHANGE,UNKNOWN,YES,
2026-06-23,FRPT,FRPT,INDEX_ADDED,,ACTIVE,
2026-06-23,SIRI,SIRI,BDS_CHANGE,UNKNOWN,YES,
2026-06-23,SLM,SLM,BDS_CHANGE,UNKNOWN,YES,
2026-06-23,SMG,SMG,BDS_CHANGE,UNKNOWN,YES,
2026-06-23,SNOW,SNOW,BDS_CHANGE,UNKNOWN,YES,
2026-06-23,SNX,SNX,BDS_CHANGE,UNKNOWN,YES,
2026-06-23,SOFI,SOFI,BDS_CHANGE,UNKNOWN,YES,
2026-06-23,SON,SON,BDS_CHANGE,UNKNOWN,YES,
2026-06-23,SPOT,SPOT,BDS_CHANGE,UNKNOWN,YES,
2026-06-23,SRPT,SRPT,BDS_CHANGE,UNKNOWN,YES,
2026-06-23,SSB,SSB,BDS_CHANGE,UNKNOWN,YES,
2026-06-23,SSD,SSD,BDS_CHANGE,UNKNOWN,YES,
2026-06-23,SSNC,SSNC,BDS_CHANGE,UNKNOWN,YES,
2026-06-23,UA,UA,INDEX_ADDED,,ACTIVE,
2026-06-23,VVV,VVV,BDS_CHANGE,UNKNOWN,YES,
2026-06-23,W,W,BDS_CHANGE,UNKNOWN,YES,
2026-06-23,WAL,WAL,BDS_CHANGE,UNKNOWN,YES,
2026-06-23,WBS,WBS,BDS_CHANGE,UNKNOWN,YES,
2026-06-23,WCC,WCC,BDS_CHANGE,UNKNOWN,YES,
2026-06-23,WEN,WEN,BDS_CHANGE,UNKNOWN,YES,
2026-06-23,WEX,WEX,BDS_CHANGE,UNKNOWN,YES,
2026-06-23,WFRD,WFRD,BDS_CHANGE,UNKNOWN,YES,
2026-06-23,WH,WH,BDS_CHANGE,UNKNOWN,YES,
2026-06-23,WHR,WHR,BDS_CHANGE,UNKNOWN,YES,
